"Date","Time (LST/LDT)","Predicted (ft)","Preliminary (ft)","Verified (ft)"
"2019/09/02","00:00","3.714","-","4.99"
"2019/09/02","00:06","3.591","-","4.71"
"2019/09/02","00:12","3.46","-","4.76"
"2019/09/02","00:18","3.322","-","4.65"
"2019/09/02","00:24","3.178","-","4.44"
"2019/09/02","00:30","3.027","-","4.4"
"2019/09/02","00:36","2.869","-","4.25"
"2019/09/02","00:42","2.705","-","4.08"
"2019/09/02","00:48","2.535","-","3.93"
"2019/09/02","00:54","2.36","-","3.76"
"2019/09/02","01:00","2.179","-","3.57"
"2019/09/02","01:06","1.993","-","3.41"
"2019/09/02","01:12","1.802","-","3.25"
"2019/09/02","01:18","1.606","-","3.05"
"2019/09/02","01:24","1.406","-","2.91"
"2019/09/02","01:30","1.202","-","2.75"
"2019/09/02","01:36","0.994","-","2.58"
"2019/09/02","01:42","0.782","-","2.43"
"2019/09/02","01:48","0.568","-","2.26"
"2019/09/02","01:54","0.35","-","2.08"
"2019/09/02","02:00","0.13","-","1.97"
"2019/09/02","02:06","-0.091","-","1.79"
"2019/09/02","02:12","-0.315","-","1.33"
"2019/09/02","02:18","-0.539","-","1.34"
"2019/09/02","02:24","-0.765","-","1.23"
"2019/09/02","02:30","-0.99","-","1.02"
"2019/09/02","02:36","-1.215","-","0.86"
"2019/09/02","02:42","-1.439","-","0.67"
"2019/09/02","02:48","-1.661","-","0.51"
"2019/09/02","02:54","-1.882","-","0.3"
"2019/09/02","03:00","-2.099","-","0.11"
"2019/09/02","03:06","-2.313","-","0"
"2019/09/02","03:12","-2.523","-","-0.28"
"2019/09/02","03:18","-2.728","-","-0.38"
"2019/09/02","03:24","-2.927","-","-0.65"
"2019/09/02","03:30","-3.12","-","-0.75"
"2019/09/02","03:36","-3.307","-","-0.95"
"2019/09/02","03:42","-3.485","-","-1.21"
"2019/09/02","03:48","-3.655","-","-1.38"
"2019/09/02","03:54","-3.816","-","-1.5"
"2019/09/02","04:00","-3.968","-","-1.63"
"2019/09/02","04:06","-4.109","-","-1.8"
"2019/09/02","04:12","-4.239","-","-1.95"
"2019/09/02","04:18","-4.357","-","-2.1"
"2019/09/02","04:24","-4.464","-","-2.21"
"2019/09/02","04:30","-4.558","-","-2.35"
"2019/09/02","04:36","-4.639","-","-2.47"
"2019/09/02","04:42","-4.706","-","-2.56"
"2019/09/02","04:48","-4.759","-","-2.65"
"2019/09/02","04:54","-4.799","-","-2.75"
"2019/09/02","05:00","-4.824","-","-2.82"
"2019/09/02","05:06","-4.835","-","-2.87"
"2019/09/02","05:12","-4.831","-","-2.92"
"2019/09/02","05:18","-4.812","-","-2.96"
"2019/09/02","05:24","-4.779","-","-2.99"
"2019/09/02","05:30","-4.732","-","-3"
"2019/09/02","05:36","-4.67","-","-2.99"
"2019/09/02","05:42","-4.594","-","-2.98"
"2019/09/02","05:48","-4.504","-","-2.96"
"2019/09/02","05:54","-4.401","-","-2.91"
"2019/09/02","06:00","-4.285","-","-2.83"
"2019/09/02","06:06","-4.157","-","-2.77"
"2019/09/02","06:12","-4.017","-","-2.68"
"2019/09/02","06:18","-3.865","-","-2.58"
"2019/09/02","06:24","-3.702","-","-2.47"
"2019/09/02","06:30","-3.529","-","-2.33"
"2019/09/02","06:36","-3.347","-","-2.19"
"2019/09/02","06:42","-3.156","-","-2.08"
"2019/09/02","06:48","-2.957","-","-1.91"
"2019/09/02","06:54","-2.751","-","-1.74"
"2019/09/02","07:00","-2.538","-","-1.58"
"2019/09/02","07:06","-2.319","-","-1.39"
"2019/09/02","07:12","-2.096","-","-1.2"
"2019/09/02","07:18","-1.868","-","-1.01"
"2019/09/02","07:24","-1.637","-","-0.82"
"2019/09/02","07:30","-1.403","-","-0.63"
"2019/09/02","07:36","-1.167","-","-0.43"
"2019/09/02","07:42","-0.93","-","-0.23"
"2019/09/02","07:48","-0.692","-","-0.04"
"2019/09/02","07:54","-0.455","-","0.16"
"2019/09/02","08:00","-0.219","-","0.32"
"2019/09/02","08:06","0.016","-","0.56"
"2019/09/02","08:12","0.249","-","0.73"
"2019/09/02","08:18","0.479","-","0.95"
"2019/09/02","08:24","0.706","-","1.07"
"2019/09/02","08:30","0.929","-","1.32"
"2019/09/02","08:36","1.147","-","1.54"
"2019/09/02","08:42","1.361","-","1.75"
"2019/09/02","08:48","1.569","-","1.94"
"2019/09/02","08:54","1.772","-","2.15"
"2019/09/02","09:00","1.969","-","2.35"
"2019/09/02","09:06","2.159","-","2.54"
"2019/09/02","09:12","2.342","-","2.72"
"2019/09/02","09:18","2.518","-","2.91"
"2019/09/02","09:24","2.687","-","3.1"
"2019/09/02","09:30","2.848","-","3.25"
"2019/09/02","09:36","3.001","-","3.42"
"2019/09/02","09:42","3.145","-","3.6"
"2019/09/02","09:48","3.282","-","3.72"
"2019/09/02","09:54","3.41","-","3.86"
"2019/09/02","10:00","3.529","-","3.99"
"2019/09/02","10:06","3.639","-","4.11"
"2019/09/02","10:12","3.741","-","4.23"
"2019/09/02","10:18","3.833","-","4.39"
"2019/09/02","10:24","3.917","-","4.49"
"2019/09/02","10:30","3.991","-","4.58"
"2019/09/02","10:36","4.055","-","4.67"
"2019/09/02","10:42","4.111","-","4.75"
"2019/09/02","10:48","4.158","-","4.83"
"2019/09/02","10:54","4.195","-","4.92"
"2019/09/02","11:00","4.223","-","4.97"
"2019/09/02","11:06","4.242","-","5.04"
"2019/09/02","11:12","4.251","-","5.11"
"2019/09/02","11:18","4.252","-","5.14"
"2019/09/02","11:24","4.244","-","5.19"
"2019/09/02","11:30","4.227","-","5.24"
"2019/09/02","11:36","4.201","-","5.23"
"2019/09/02","11:42","4.166","-","5.26"
"2019/09/02","11:48","4.123","-","5.27"
"2019/09/02","11:54","4.072","-","5.24"
"2019/09/02","12:00","4.012","-","5.23"
"2019/09/02","12:06","3.944","-","5.21"
"2019/09/02","12:12","3.868","-","5.16"
"2019/09/02","12:18","3.784","-","5.13"
"2019/09/02","12:24","3.693","-","5.05"
"2019/09/02","12:30","3.594","-","4.95"
"2019/09/02","12:36","3.487","-","4.85"
"2019/09/02","12:42","3.373","-","4.73"
"2019/09/02","12:48","3.252","-","4.6"
"2019/09/02","12:54","3.124","-","4.51"
"2019/09/02","13:00","2.99","-","4.4"
"2019/09/02","13:06","2.848","-","4.3"
"2019/09/02","13:12","2.7","-","4.19"
"2019/09/02","13:18","2.546","-","4.08"
"2019/09/02","13:24","2.386","-","3.92"
"2019/09/02","13:30","2.22","-","3.79"
"2019/09/02","13:36","2.048","-","3.72"
"2019/09/02","13:42","1.87","-","3.59"
"2019/09/02","13:48","1.688","-","3.49"
"2019/09/02","13:54","1.5","-","3.41"
"2019/09/02","14:00","1.307","-","3.18"
"2019/09/02","14:06","1.11","-","3.01"
"2019/09/02","14:12","0.909","-","2.76"
"2019/09/02","14:18","0.704","-","2.55"
"2019/09/02","14:24","0.496","-","2.36"
"2019/09/02","14:30","0.284","-","2.11"
"2019/09/02","14:36","0.07","-","1.93"
"2019/09/02","14:42","-0.146","-","1.79"
"2019/09/02","14:48","-0.365","-","1.56"
"2019/09/02","14:54","-0.584","-","1.33"
"2019/09/02","15:00","-0.804","-","1.1"
"2019/09/02","15:06","-1.024","-","0.9"
"2019/09/02","15:12","-1.244","-","0.69"
"2019/09/02","15:18","-1.462","-","0.51"
"2019/09/02","15:24","-1.679","-","0.33"
"2019/09/02","15:30","-1.893","-","0.16"
"2019/09/02","15:36","-2.104","-","-0.02"
"2019/09/02","15:42","-2.311","-","-0.18"
"2019/09/02","15:48","-2.513","-","-0.34"
"2019/09/02","15:54","-2.71","-","-0.52"
"2019/09/02","16:00","-2.901","-","-0.66"
"2019/09/02","16:06","-3.085","-","-0.89"
"2019/09/02","16:12","-3.262","-","-1.07"
"2019/09/02","16:18","-3.43","-","-1.25"
"2019/09/02","16:24","-3.589","-","-1.42"
"2019/09/02","16:30","-3.738","-","-1.58"
"2019/09/02","16:36","-3.877","-","-1.75"
"2019/09/02","16:42","-4.005","-","-1.9"
"2019/09/02","16:48","-4.121","-","-2.05"
"2019/09/02","16:54","-4.225","-","-2.19"
"2019/09/02","17:00","-4.316","-","-2.31"
"2019/09/02","17:06","-4.395","-","-2.42"
"2019/09/02","17:12","-4.459","-","-2.54"
"2019/09/02","17:18","-4.51","-","-2.66"
"2019/09/02","17:24","-4.547","-","-2.75"
"2019/09/02","17:30","-4.569","-","-2.81"
"2019/09/02","17:36","-4.577","-","-2.88"
"2019/09/02","17:42","-4.571","-","-2.92"
"2019/09/02","17:48","-4.55","-","-2.96"
"2019/09/02","17:54","-4.514","-","-2.98"
"2019/09/02","18:00","-4.464","-","-2.96"
"2019/09/02","18:06","-4.4","-","-2.97"
"2019/09/02","18:12","-4.322","-","-2.96"
"2019/09/02","18:18","-4.23","-","-2.92"
"2019/09/02","18:24","-4.125","-","-2.85"
"2019/09/02","18:30","-4.008","-","-2.75"
"2019/09/02","18:36","-3.878","-","-2.64"
"2019/09/02","18:42","-3.736","-","-2.52"
"2019/09/02","18:48","-3.584","-","-2.39"
"2019/09/02","18:54","-3.421","-","-2.29"
"2019/09/02","19:00","-3.248","-","-2.16"
"2019/09/02","19:06","-3.065","-","-2.03"
"2019/09/02","19:12","-2.875","-","-1.93"
"2019/09/02","19:18","-2.677","-","-1.77"
"2019/09/02","19:24","-2.471","-","-1.58"
"2019/09/02","19:30","-2.26","-","-1.39"
"2019/09/02","19:36","-2.043","-","-1.22"
"2019/09/02","19:42","-1.822","-","-1.06"
"2019/09/02","19:48","-1.596","-","-0.84"
"2019/09/02","19:54","-1.368","-","-0.64"
"2019/09/02","20:00","-1.137","-","-0.45"
"2019/09/02","20:06","-0.905","-","-0.24"
"2019/09/02","20:12","-0.672","-","-0.03"
"2019/09/02","20:18","-0.438","-","0.19"
"2019/09/02","20:24","-0.206","-","0.4"
"2019/09/02","20:30","0.026","-","0.59"
"2019/09/02","20:36","0.255","-","0.79"
"2019/09/02","20:42","0.483","-","0.99"
"2019/09/02","20:48","0.707","-","1.19"
"2019/09/02","20:54","0.927","-","1.4"
"2019/09/02","21:00","1.144","-","1.63"
"2019/09/02","21:06","1.355","-","1.85"
"2019/09/02","21:12","1.562","-","2.07"
"2019/09/02","21:18","1.762","-","2.28"
"2019/09/02","21:24","1.957","-","2.46"
"2019/09/02","21:30","2.145","-","2.67"
"2019/09/02","21:36","2.326","-","2.86"
"2019/09/02","21:42","2.501","-","3.03"
"2019/09/02","21:48","2.667","-","3.2"
"2019/09/02","21:54","2.826","-","3.36"
"2019/09/02","22:00","2.976","-","3.5"
"2019/09/02","22:06","3.118","-","3.65"
"2019/09/02","22:12","3.252","-","3.8"
"2019/09/02","22:18","3.377","-","3.94"
"2019/09/02","22:24","3.492","-","4.08"
"2019/09/02","22:30","3.599","-","4.18"
"2019/09/02","22:36","3.696","-","4.29"
"2019/09/02","22:42","3.784","-","4.41"
"2019/09/02","22:48","3.862","-","4.49"
"2019/09/02","22:54","3.931","-","4.54"
"2019/09/02","23:00","3.99","-","4.64"
"2019/09/02","23:06","4.039","-","4.73"
"2019/09/02","23:12","4.079","-","4.77"
"2019/09/02","23:18","4.109","-","4.83"
"2019/09/02","23:24","4.129","-","4.89"
"2019/09/02","23:30","4.14","-","4.94"
"2019/09/02","23:36","4.141","-","4.95"
"2019/09/02","23:42","4.132","-","4.98"
"2019/09/02","23:48","4.114","-","4.97"
"2019/09/02","23:54","4.087","-","4.98"
"2019/09/03","00:00","4.051","-","5"
"2019/09/03","00:06","4.006","-","5"
"2019/09/03","00:12","3.952","-","4.95"
"2019/09/03","00:18","3.889","-","4.94"
"2019/09/03","00:24","3.818","-","4.93"
"2019/09/03","00:30","3.738","-","4.86"
"2019/09/03","00:36","3.65","-","4.78"
"2019/09/03","00:42","3.555","-","4.72"
"2019/09/03","00:48","3.451","-","4.64"
"2019/09/03","00:54","3.34","-","4.52"
"2019/09/03","01:00","3.222","-","4.42"
"2019/09/03","01:06","3.096","-","4.31"
"2019/09/03","01:12","2.964","-","4.19"
"2019/09/03","01:18","2.825","-","4.1"
"2019/09/03","01:24","2.68","-","3.93"
"2019/09/03","01:30","2.528","-","3.8"
"2019/09/03","01:36","2.37","-","3.67"
"2019/09/03","01:42","2.207","-","3.52"
"2019/09/03","01:48","2.038","-","3.35"
"2019/09/03","01:54","1.864","-","3.21"
"2019/09/03","02:00","1.685","-","3.09"
"2019/09/03","02:06","1.501","-","2.9"
"2019/09/03","02:12","1.313","-","2.74"
"2019/09/03","02:18","1.121","-","2.57"
"2019/09/03","02:24","0.925","-","2.41"
"2019/09/03","02:30","0.725","-","2.26"
"2019/09/03","02:36","0.523","-","2.08"
"2019/09/03","02:42","0.317","-","1.92"
"2019/09/03","02:48","0.109","-","1.78"
"2019/09/03","02:54","-0.1","-","1.63"
"2019/09/03","03:00","-0.312","-","1.46"
"2019/09/03","03:06","-0.524","-","1.28"
"2019/09/03","03:12","-0.737","-","1.13"
"2019/09/03","03:18","-0.95","-","0.95"
"2019/09/03","03:24","-1.163","-","0.8"
"2019/09/03","03:30","-1.375","-","0.61"
"2019/09/03","03:36","-1.586","-","0.45"
"2019/09/03","03:42","-1.794","-","0.29"
"2019/09/03","03:48","-1.999","-","0.11"
"2019/09/03","03:54","-2.202","-","-0.08"
"2019/09/03","04:00","-2.4","-","-0.28"
"2019/09/03","04:06","-2.594","-","-0.43"
"2019/09/03","04:12","-2.782","-","-0.6"
"2019/09/03","04:18","-2.964","-","-0.81"
"2019/09/03","04:24","-3.14","-","-1.02"
"2019/09/03","04:30","-3.309","-","-1.16"
"2019/09/03","04:36","-3.469","-","-1.31"
"2019/09/03","04:42","-3.621","-","-1.46"
"2019/09/03","04:48","-3.764","-","-1.64"
"2019/09/03","04:54","-3.897","-","-1.78"
"2019/09/03","05:00","-4.019","-","-1.92"
"2019/09/03","05:06","-4.131","-","-2.06"
"2019/09/03","05:12","-4.232","-","-2.16"
"2019/09/03","05:18","-4.32","-","-2.27"
"2019/09/03","05:24","-4.396","-","-2.42"
"2019/09/03","05:30","-4.46","-","-2.53"
"2019/09/03","05:36","-4.511","-","-2.61"
"2019/09/03","05:42","-4.548","-","-2.67"
"2019/09/03","05:48","-4.573","-","-2.76"
"2019/09/03","05:54","-4.583","-","-2.82"
"2019/09/03","06:00","-4.58","-","-2.89"
"2019/09/03","06:06","-4.564","-","-2.93"
"2019/09/03","06:12","-4.534","-","-2.94"
"2019/09/03","06:18","-4.49","-","-2.95"
"2019/09/03","06:24","-4.433","-","-2.95"
"2019/09/03","06:30","-4.363","-","-2.92"
"2019/09/03","06:36","-4.281","-","-2.89"
"2019/09/03","06:42","-4.186","-","-2.83"
"2019/09/03","06:48","-4.079","-","-2.77"
"2019/09/03","06:54","-3.96","-","-2.68"
"2019/09/03","07:00","-3.83","-","-2.58"
"2019/09/03","07:06","-3.69","-","-2.51"
"2019/09/03","07:12","-3.54","-","-2.39"
"2019/09/03","07:18","-3.38","-","-2.3"
"2019/09/03","07:24","-3.212","-","-2.18"
"2019/09/03","07:30","-3.035","-","-2.06"
"2019/09/03","07:36","-2.851","-","-1.92"
"2019/09/03","07:42","-2.66","-","-1.77"
"2019/09/03","07:48","-2.464","-","-1.6"
"2019/09/03","07:54","-2.261","-","-1.42"
"2019/09/03","08:00","-2.054","-","-1.27"
"2019/09/03","08:06","-1.843","-","-1.08"
"2019/09/03","08:12","-1.629","-","-0.91"
"2019/09/03","08:18","-1.412","-","-0.74"
"2019/09/03","08:24","-1.194","-","-0.55"
"2019/09/03","08:30","-0.973","-","-0.36"
"2019/09/03","08:36","-0.753","-","-0.19"
"2019/09/03","08:42","-0.532","-","-0.01"
"2019/09/03","08:48","-0.311","-","0.19"
"2019/09/03","08:54","-0.092","-","0.39"
"2019/09/03","09:00","0.126","-","0.57"
"2019/09/03","09:06","0.341","-","0.8"
"2019/09/03","09:12","0.554","-","0.98"
"2019/09/03","09:18","0.764","-","1.17"
"2019/09/03","09:24","0.97","-","1.38"
"2019/09/03","09:30","1.172","-","1.6"
"2019/09/03","09:36","1.37","-","1.81"
"2019/09/03","09:42","1.563","-","1.99"
"2019/09/03","09:48","1.751","-","2.23"
"2019/09/03","09:54","1.934","-","2.42"
"2019/09/03","10:00","2.111","-","2.59"
"2019/09/03","10:06","2.281","-","2.74"
"2019/09/03","10:12","2.446","-","2.94"
"2019/09/03","10:18","2.604","-","3.09"
"2019/09/03","10:24","2.755","-","3.21"
"2019/09/03","10:30","2.899","-","3.38"
"2019/09/03","10:36","3.035","-","3.52"
"2019/09/03","10:42","3.165","-","3.66"
"2019/09/03","10:48","3.286","-","3.8"
"2019/09/03","10:54","3.4","-","3.95"
"2019/09/03","11:00","3.506","-","4.08"
"2019/09/03","11:06","3.604","-","4.21"
"2019/09/03","11:12","3.694","-","4.33"
"2019/09/03","11:18","3.776","-","4.44"
"2019/09/03","11:24","3.849","-","4.54"
"2019/09/03","11:30","3.914","-","4.64"
"2019/09/03","11:36","3.97","-","4.71"
"2019/09/03","11:42","4.018","-","4.79"
"2019/09/03","11:48","4.058","-","4.87"
"2019/09/03","11:54","4.088","-","4.94"
"2019/09/03","12:00","4.11","-","4.98"
"2019/09/03","12:06","4.124","-","5.04"
"2019/09/03","12:12","4.129","-","5.07"
"2019/09/03","12:18","4.126","-","5.11"
"2019/09/03","12:24","4.114","-","5.12"
"2019/09/03","12:30","4.094","-","5.13"
"2019/09/03","12:36","4.065","-","5.13"
"2019/09/03","12:42","4.028","-","5.14"
"2019/09/03","12:48","3.983","-","5.15"
"2019/09/03","12:54","3.93","-","5.11"
"2019/09/03","13:00","3.869","-","5.11"
"2019/09/03","13:06","3.8","-","5.08"
"2019/09/03","13:12","3.723","-","5.04"
"2019/09/03","13:18","3.639","-","4.98"
"2019/09/03","13:24","3.547","-","4.9"
"2019/09/03","13:30","3.448","-","4.84"
"2019/09/03","13:36","3.342","-","4.77"
"2019/09/03","13:42","3.228","-","4.64"
"2019/09/03","13:48","3.108","-","4.54"
"2019/09/03","13:54","2.981","-","4.45"
"2019/09/03","14:00","2.847","-","4.35"
"2019/09/03","14:06","2.707","-","4.15"
"2019/09/03","14:12","2.56","-","4.01"
"2019/09/03","14:18","2.408","-","3.88"
"2019/09/03","14:24","2.25","-","3.7"
"2019/09/03","14:30","2.086","-","3.57"
"2019/09/03","14:36","1.917","-","3.43"
"2019/09/03","14:42","1.742","-","3.26"
"2019/09/03","14:48","1.563","-","3.1"
"2019/09/03","14:54","1.379","-","2.96"
"2019/09/03","15:00","1.191","-","2.82"
"2019/09/03","15:06","1","-","2.67"
"2019/09/03","15:12","0.804","-","2.54"
"2019/09/03","15:18","0.605","-","2.35"
"2019/09/03","15:24","0.404","-","2.17"
"2019/09/03","15:30","0.2","-","2.02"
"2019/09/03","15:36","-0.006","-","1.85"
"2019/09/03","15:42","-0.213","-","1.7"
"2019/09/03","15:48","-0.421","-","1.53"
"2019/09/03","15:54","-0.629","-","1.32"
"2019/09/03","16:00","-0.838","-","1.18"
"2019/09/03","16:06","-1.045","-","1.02"
"2019/09/03","16:12","-1.251","-","0.82"
"2019/09/03","16:18","-1.455","-","0.66"
"2019/09/03","16:24","-1.656","-","0.47"
"2019/09/03","16:30","-1.854","-","0.26"
"2019/09/03","16:36","-2.048","-","0.07"
"2019/09/03","16:42","-2.237","-","-0.13"
"2019/09/03","16:48","-2.421","-","-0.32"
"2019/09/03","16:54","-2.599","-","-0.47"
"2019/09/03","17:00","-2.77","-","-0.65"
"2019/09/03","17:06","-2.933","-","-0.83"
"2019/09/03","17:12","-3.089","-","-1"
"2019/09/03","17:18","-3.235","-","-1.18"
"2019/09/03","17:24","-3.373","-","-1.35"
"2019/09/03","17:30","-3.5","-","-1.52"
"2019/09/03","17:36","-3.617","-","-1.64"
"2019/09/03","17:42","-3.723","-","-1.78"
"2019/09/03","17:48","-3.818","-","-1.93"
"2019/09/03","17:54","-3.9","-","-2.01"
"2019/09/03","18:00","-3.971","-","-2.13"
"2019/09/03","18:06","-4.029","-","-2.24"
"2019/09/03","18:12","-4.074","-","-2.3"
"2019/09/03","18:18","-4.107","-","-2.37"
"2019/09/03","18:24","-4.126","-","-2.42"
"2019/09/03","18:30","-4.132","-","-2.49"
"2019/09/03","18:36","-4.125","-","-2.52"
"2019/09/03","18:42","-4.105","-","-2.53"
"2019/09/03","18:48","-4.071","-","-2.57"
"2019/09/03","18:54","-4.025","-","-2.61"
"2019/09/03","19:00","-3.966","-","-2.6"
"2019/09/03","19:06","-3.895","-","-2.57"
"2019/09/03","19:12","-3.812","-","-2.53"
"2019/09/03","19:18","-3.717","-","-2.49"
"2019/09/03","19:24","-3.611","-","-2.37"
"2019/09/03","19:30","-3.494","-","-2.29"
"2019/09/03","19:36","-3.367","-","-2.21"
"2019/09/03","19:42","-3.23","-","-2.08"
"2019/09/03","19:48","-3.084","-","-1.93"
"2019/09/03","19:54","-2.93","-","-1.8"
"2019/09/03","20:00","-2.768","-","-1.64"
"2019/09/03","20:06","-2.598","-","-1.48"
"2019/09/03","20:12","-2.422","-","-1.29"
"2019/09/03","20:18","-2.239","-","-1.12"
"2019/09/03","20:24","-2.052","-","-0.93"
"2019/09/03","20:30","-1.86","-","-0.76"
"2019/09/03","20:36","-1.664","-","-0.63"
"2019/09/03","20:42","-1.464","-","-0.49"
"2019/09/03","20:48","-1.262","-","-0.29"
"2019/09/03","20:54","-1.058","-","-0.1"
"2019/09/03","21:00","-0.853","-","0.05"
"2019/09/03","21:06","-0.647","-","0.25"
"2019/09/03","21:12","-0.441","-","0.44"
"2019/09/03","21:18","-0.235","-","0.59"
"2019/09/03","21:24","-0.03","-","0.81"
"2019/09/03","21:30","0.174","-","1.01"
"2019/09/03","21:36","0.375","-","1.21"
"2019/09/03","21:42","0.574","-","1.4"
"2019/09/03","21:48","0.77","-","1.59"
"2019/09/03","21:54","0.962","-","1.79"
"2019/09/03","22:00","1.15","-","1.99"
"2019/09/03","22:06","1.335","-","2.16"
"2019/09/03","22:12","1.514","-","2.34"
"2019/09/03","22:18","1.688","-","2.51"
"2019/09/03","22:24","1.857","-","2.66"
"2019/09/03","22:30","2.02","-","2.81"
"2019/09/03","22:36","2.177","-","2.95"
"2019/09/03","22:42","2.328","-","3.12"
"2019/09/03","22:48","2.472","-","3.23"
"2019/09/03","22:54","2.609","-","3.32"
"2019/09/03","23:00","2.738","-","3.47"
"2019/09/03","23:06","2.86","-","3.58"
"2019/09/03","23:12","2.975","-","3.67"
"2019/09/03","23:18","3.081","-","3.79"
"2019/09/03","23:24","3.18","-","3.9"
"2019/09/03","23:30","3.27","-","3.99"
"2019/09/03","23:36","3.352","-","4.08"
"2019/09/03","23:42","3.425","-","4.17"
"2019/09/03","23:48","3.489","-","4.24"
"2019/09/03","23:54","3.545","-","4.32"
"2019/09/04","00:00","3.592","-","4.38"
"2019/09/04","00:06","3.63","-","4.45"
"2019/09/04","00:12","3.659","-","4.53"
"2019/09/04","00:18","3.679","-","4.57"
"2019/09/04","00:24","3.69","-","4.61"
"2019/09/04","00:30","3.692","-","4.65"
"2019/09/04","00:36","3.686","-","4.67"
"2019/09/04","00:42","3.67","-","4.67"
"2019/09/04","00:48","3.646","-","4.67"
"2019/09/04","00:54","3.613","-","4.67"
"2019/09/04","01:00","3.571","-","4.65"
"2019/09/04","01:06","3.521","-","4.62"
"2019/09/04","01:12","3.463","-","4.6"
"2019/09/04","01:18","3.396","-","4.59"
"2019/09/04","01:24","3.322","-","4.57"
"2019/09/04","01:30","3.239","-","4.52"
"2019/09/04","01:36","3.149","-","4.48"
"2019/09/04","01:42","3.052","-","4.44"
"2019/09/04","01:48","2.947","-","4.37"
"2019/09/04","01:54","2.836","-","4.27"
"2019/09/04","02:00","2.717","-","4.2"
"2019/09/04","02:06","2.592","-","4.15"
"2019/09/04","02:12","2.461","-","4.03"
"2019/09/04","02:18","2.323","-","3.89"
"2019/09/04","02:24","2.18","-","3.82"
"2019/09/04","02:30","2.031","-","3.7"
"2019/09/04","02:36","1.877","-","3.55"
"2019/09/04","02:42","1.718","-","3.44"
"2019/09/04","02:48","1.554","-","3.31"
"2019/09/04","02:54","1.386","-","3.15"
"2019/09/04","03:00","1.213","-","2.97"
"2019/09/04","03:06","1.036","-","2.85"
"2019/09/04","03:12","0.856","-","2.67"
"2019/09/04","03:18","0.673","-","2.54"
"2019/09/04","03:24","0.487","-","2.37"
"2019/09/04","03:30","0.298","-","2.21"
"2019/09/04","03:36","0.107","-","2.1"
"2019/09/04","03:42","-0.085","-","1.97"
"2019/09/04","03:48","-0.279","-","1.82"
"2019/09/04","03:54","-0.474","-","1.67"
"2019/09/04","04:00","-0.67","-","1.52"
"2019/09/04","04:06","-0.865","-","1.37"
"2019/09/04","04:12","-1.06","-","1.22"
"2019/09/04","04:18","-1.254","-","1.04"
"2019/09/04","04:24","-1.446","-","0.89"
"2019/09/04","04:30","-1.637","-","0.74"
"2019/09/04","04:36","-1.825","-","0.59"
"2019/09/04","04:42","-2.01","-","0.45"
"2019/09/04","04:48","-2.191","-","0.29"
"2019/09/04","04:54","-2.368","-","0.14"
"2019/09/04","05:00","-2.54","-","0"
"2019/09/04","05:06","-2.707","-","-0.17"
"2019/09/04","05:12","-2.867","-","-0.33"
"2019/09/04","05:18","-3.021","-","-0.48"
"2019/09/04","05:24","-3.168","-","-0.62"
"2019/09/04","05:30","-3.307","-","-0.79"
"2019/09/04","05:36","-3.438","-","-0.91"
"2019/09/04","05:42","-3.56","-","-0.98"
"2019/09/04","05:48","-3.673","-","-1.16"
"2019/09/04","05:54","-3.776","-","-1.27"
"2019/09/04","06:00","-3.869","-","-1.37"
"2019/09/04","06:06","-3.951","-","-1.45"
"2019/09/04","06:12","-4.022","-","-1.52"
"2019/09/04","06:18","-4.082","-","-1.62"
"2019/09/04","06:24","-4.131","-","-1.67"
"2019/09/04","06:30","-4.168","-","-1.75"
"2019/09/04","06:36","-4.193","-","-1.79"
"2019/09/04","06:42","-4.205","-","-1.83"
"2019/09/04","06:48","-4.206","-","-1.87"
"2019/09/04","06:54","-4.195","-","-1.87"
"2019/09/04","07:00","-4.171","-","-1.9"
"2019/09/04","07:06","-4.136","-","-1.89"
"2019/09/04","07:12","-4.089","-","-1.77"
"2019/09/04","07:18","-4.03","-","-1.75"
"2019/09/04","07:24","-3.96","-","-1.66"
"2019/09/04","07:30","-3.879","-","-1.61"
"2019/09/04","07:36","-3.787","-","-1.59"
"2019/09/04","07:42","-3.685","-","-1.43"
"2019/09/04","07:48","-3.572","-","-1.33"
"2019/09/04","07:54","-3.45","-","-1.32"
"2019/09/04","08:00","-3.32","-","-1.27"
"2019/09/04","08:06","-3.18","-","-1.15"
"2019/09/04","08:12","-3.033","-","-1.06"
"2019/09/04","08:18","-2.879","-","-0.99"
"2019/09/04","08:24","-2.717","-","-0.89"
"2019/09/04","08:30","-2.549","-","-0.76"
"2019/09/04","08:36","-2.376","-","-0.68"
"2019/09/04","08:42","-2.197","-","-0.55"
"2019/09/04","08:48","-2.014","-","-0.41"
"2019/09/04","08:54","-1.827","-","-0.28"
"2019/09/04","09:00","-1.636","-","-0.12"
"2019/09/04","09:06","-1.443","-","0.04"
"2019/09/04","09:12","-1.247","-","0.16"
"2019/09/04","09:18","-1.05","-","0.31"
"2019/09/04","09:24","-0.852","-","0.46"
"2019/09/04","09:30","-0.652","-","0.62"
"2019/09/04","09:36","-0.453","-","0.82"
"2019/09/04","09:42","-0.254","-","1.05"
"2019/09/04","09:48","-0.056","-","1.18"
"2019/09/04","09:54","0.141","-","1.36"
"2019/09/04","10:00","0.337","-","1.52"
"2019/09/04","10:06","0.53","-","1.68"
"2019/09/04","10:12","0.722","-","1.77"
"2019/09/04","10:18","0.91","-","1.9"
"2019/09/04","10:24","1.095","-","1.97"
"2019/09/04","10:30","1.277","-","2.15"
"2019/09/04","10:36","1.455","-","2.23"
"2019/09/04","10:42","1.629","-","2.42"
"2019/09/04","10:48","1.798","-","2.55"
"2019/09/04","10:54","1.963","-","2.73"
"2019/09/04","11:00","2.122","-","2.9"
"2019/09/04","11:06","2.277","-","3.05"
"2019/09/04","11:12","2.426","-","3.23"
"2019/09/04","11:18","2.569","-","3.42"
"2019/09/04","11:24","2.706","-","3.54"
"2019/09/04","11:30","2.837","-","3.66"
"2019/09/04","11:36","2.962","-","3.81"
"2019/09/04","11:42","3.08","-","3.96"
"2019/09/04","11:48","3.191","-","4.04"
"2019/09/04","11:54","3.295","-","4.12"
"2019/09/04","12:00","3.392","-","4.22"
"2019/09/04","12:06","3.482","-","4.3"
"2019/09/04","12:12","3.564","-","4.37"
"2019/09/04","12:18","3.639","-","4.48"
"2019/09/04","12:24","3.705","-","4.58"
"2019/09/04","12:30","3.764","-","4.68"
"2019/09/04","12:36","3.815","-","4.78"
"2019/09/04","12:42","3.858","-","4.9"
"2019/09/04","12:48","3.893","-","5.02"
"2019/09/04","12:54","3.919","-","5.08"
"2019/09/04","13:00","3.938","-","5.15"
"2019/09/04","13:06","3.948","-","5.22"
"2019/09/04","13:12","3.95","-","5.25"
"2019/09/04","13:18","3.944","-","5.33"
"2019/09/04","13:24","3.93","-","5.4"
"2019/09/04","13:30","3.907","-","5.42"
"2019/09/04","13:36","3.877","-","5.45"
"2019/09/04","13:42","3.838","-","5.5"
"2019/09/04","13:48","3.792","-","5.47"
"2019/09/04","13:54","3.738","-","5.43"
"2019/09/04","14:00","3.676","-","5.45"
"2019/09/04","14:06","3.606","-","5.44"
"2019/09/04","14:12","3.53","-","5.41"
"2019/09/04","14:18","3.445","-","5.35"
"2019/09/04","14:24","3.354","-","5.33"
"2019/09/04","14:30","3.256","-","5.27"
"2019/09/04","14:36","3.151","-","5.16"
"2019/09/04","14:42","3.039","-","5.11"
"2019/09/04","14:48","2.92","-","5.01"
"2019/09/04","14:54","2.796","-","4.95"
"2019/09/04","15:00","2.665","-","4.8"
"2019/09/04","15:06","2.529","-","4.69"
"2019/09/04","15:12","2.386","-","4.73"
"2019/09/04","15:18","2.239","-","4.72"
"2019/09/04","15:24","2.086","-","4.66"
"2019/09/04","15:30","1.928","-","4.72"
"2019/09/04","15:36","1.766","-","4.65"
"2019/09/04","15:42","1.599","-","4.49"
"2019/09/04","15:48","1.428","-","4.39"
"2019/09/04","15:54","1.253","-","4.13"
"2019/09/04","16:00","1.075","-","3.96"
"2019/09/04","16:06","0.893","-","3.87"
"2019/09/04","16:12","0.709","-","3.74"
"2019/09/04","16:18","0.522","-","3.66"
"2019/09/04","16:24","0.334","-","3.59"
"2019/09/04","16:30","0.144","-","3.46"
"2019/09/04","16:36","-0.047","-","3.29"
"2019/09/04","16:42","-0.239","-","3.18"
"2019/09/04","16:48","-0.43","-","2.97"
"2019/09/04","16:54","-0.621","-","2.82"
"2019/09/04","17:00","-0.812","-","2.66"
"2019/09/04","17:06","-1","-","2.52"
"2019/09/04","17:12","-1.187","-","2.45"
"2019/09/04","17:18","-1.371","-","2.32"
"2019/09/04","17:24","-1.552","-","2.25"
"2019/09/04","17:30","-1.729","-","2.16"
"2019/09/04","17:36","-1.901","-","2.05"
"2019/09/04","17:42","-2.069","-","1.91"
"2019/09/04","17:48","-2.231","-","1.74"
"2019/09/04","17:54","-2.386","-","1.63"
"2019/09/04","18:00","-2.535","-","1.44"
"2019/09/04","18:06","-2.677","-","1.21"
"2019/09/04","18:12","-2.81","-","0.99"
"2019/09/04","18:18","-2.935","-","0.85"
"2019/09/04","18:24","-3.052","-","0.71"
"2019/09/04","18:30","-3.159","-","0.59"
"2019/09/04","18:36","-3.256","-","0.49"
"2019/09/04","18:42","-3.343","-","0.38"
"2019/09/04","18:48","-3.42","-","0.26"
"2019/09/04","18:54","-3.486","-","0.17"
"2019/09/04","19:00","-3.54","-","0.09"
"2019/09/04","19:06","-3.584","-","0.06"
"2019/09/04","19:12","-3.616","-","0"
"2019/09/04","19:18","-3.637","-","-0.1"
"2019/09/04","19:24","-3.647","-","-0.11"
"2019/09/04","19:30","-3.644","-","-0.2"
"2019/09/04","19:36","-3.631","-","-0.22"
"2019/09/04","19:42","-3.606","-","-0.33"
"2019/09/04","19:48","-3.57","-","-0.43"
"2019/09/04","19:54","-3.523","-","-0.39"
"2019/09/04","20:00","-3.465","-","-0.49"
"2019/09/04","20:06","-3.397","-","-0.52"
"2019/09/04","20:12","-3.318","-","-0.55"
"2019/09/04","20:18","-3.23","-","-0.5"
"2019/09/04","20:24","-3.133","-","-0.43"
"2019/09/04","20:30","-3.026","-","-0.41"
"2019/09/04","20:36","-2.911","-","-0.38"
"2019/09/04","20:42","-2.788","-","-0.31"
"2019/09/04","20:48","-2.658","-","-0.23"
"2019/09/04","20:54","-2.521","-","-0.09"
"2019/09/04","21:00","-2.377","-","-0.08"
"2019/09/04","21:06","-2.227","-","0.11"
"2019/09/04","21:12","-2.072","-","0.19"
"2019/09/04","21:18","-1.912","-","0.28"
"2019/09/04","21:24","-1.747","-","0.32"
"2019/09/04","21:30","-1.579","-","0.32"
"2019/09/04","21:36","-1.408","-","0.38"
"2019/09/04","21:42","-1.234","-","0.37"
"2019/09/04","21:48","-1.058","-","0.38"
"2019/09/04","21:54","-0.88","-","0.39"
"2019/09/04","22:00","-0.701","-","0.57"
"2019/09/04","22:06","-0.521","-","0.69"
"2019/09/04","22:12","-0.341","-","0.83"
"2019/09/04","22:18","-0.161","-","1.03"
"2019/09/04","22:24","0.018","-","1.22"
"2019/09/04","22:30","0.196","-","1.33"
"2019/09/04","22:36","0.372","-","1.43"
"2019/09/04","22:42","0.546","-","1.54"
"2019/09/04","22:48","0.718","-","1.69"
"2019/09/04","22:54","0.887","-","1.79"
"2019/09/04","23:00","1.053","-","1.92"
"2019/09/04","23:06","1.216","-","2"
"2019/09/04","23:12","1.374","-","2.16"
"2019/09/04","23:18","1.528","-","2.19"
"2019/09/04","23:24","1.678","-","2.29"
"2019/09/04","23:30","1.822","-","2.51"
"2019/09/04","23:36","1.961","-","2.58"
"2019/09/04","23:42","2.095","-","2.63"
"2019/09/04","23:48","2.223","-","2.7"
"2019/09/04","23:54","2.344","-","2.78"
"2019/09/05","00:00","2.459","-","2.76"
"2019/09/05","00:06","2.568","-","2.82"
"2019/09/05","00:12","2.669","-","2.83"
"2019/09/05","00:18","2.763","-","2.81"
"2019/09/05","00:24","2.85","-","2.95"
"2019/09/05","00:30","2.929","-","3.02"
"2019/09/05","00:36","3","-","3.15"
"2019/09/05","00:42","3.063","-","3.31"
"2019/09/05","00:48","3.118","-","3.43"
"2019/09/05","00:54","3.165","-","3.47"
"2019/09/05","01:00","3.203","-","3.53"
"2019/09/05","01:06","3.233","-","3.51"
"2019/09/05","01:12","3.255","-","3.52"
"2019/09/05","01:18","3.268","-","3.43"
"2019/09/05","01:24","3.272","-","3.39"
"2019/09/05","01:30","3.268","-","3.45"
"2019/09/05","01:36","3.256","-","3.48"
"2019/09/05","01:42","3.235","-","3.47"
"2019/09/05","01:48","3.205","-","3.65"
"2019/09/05","01:54","3.168","-","3.74"
"2019/09/05","02:00","3.122","-","3.81"
"2019/09/05","02:06","3.068","-","3.9"
"2019/09/05","02:12","3.007","-","3.96"
"2019/09/05","02:18","2.938","-","3.92"
"2019/09/05","02:24","2.861","-","3.89"
"2019/09/05","02:30","2.777","-","3.81"
"2019/09/05","02:36","2.686","-","3.72"
"2019/09/05","02:42","2.588","-","3.55"
"2019/09/05","02:48","2.484","-","3.44"
"2019/09/05","02:54","2.373","-","3.36"
"2019/09/05","03:00","2.257","-","3.22"
"2019/09/05","03:06","2.134","-","3.24"
"2019/09/05","03:12","2.006","-","3.21"
"2019/09/05","03:18","1.873","-","3.19"
"2019/09/05","03:24","1.735","-","3.2"
"2019/09/05","03:30","1.592","-","3.16"
"2019/09/05","03:36","1.445","-","3"
"2019/09/05","03:42","1.294","-","2.9"
"2019/09/05","03:48","1.139","-","2.87"
"2019/09/05","03:54","0.981","-","2.74"
"2019/09/05","04:00","0.819","-","2.58"
"2019/09/05","04:06","0.655","-","2.54"
"2019/09/05","04:12","0.488","-","2.46"
"2019/09/05","04:18","0.318","-","2.36"
"2019/09/05","04:24","0.148","-","2.29"
"2019/09/05","04:30","-0.025","-","2.23"
"2019/09/05","04:36","-0.198","-","2.1"
"2019/09/05","04:42","-0.373","-","1.97"
"2019/09/05","04:48","-0.547","-","1.81"
"2019/09/05","04:54","-0.722","-","1.68"
"2019/09/05","05:00","-0.896","-","1.51"
"2019/09/05","05:06","-1.069","-","1.35"
"2019/09/05","05:12","-1.241","-","1.18"
"2019/09/05","05:18","-1.411","-","1.08"
"2019/09/05","05:24","-1.579","-","0.94"
"2019/09/05","05:30","-1.744","-","0.77"
"2019/09/05","05:36","-1.906","-","0.6"
"2019/09/05","05:42","-2.064","-","0.43"
"2019/09/05","05:48","-2.218","-","0.32"
"2019/09/05","05:54","-2.368","-","0.12"
"2019/09/05","06:00","-2.512","-","-0.07"
"2019/09/05","06:06","-2.651","-","-0.12"
"2019/09/05","06:12","-2.784","-","-0.31"
"2019/09/05","06:18","-2.91","-","-0.45"
"2019/09/05","06:24","-3.029","-","-0.67"
"2019/09/05","06:30","-3.141","-","-0.86"
"2019/09/05","06:36","-3.245","-","-1.01"
"2019/09/05","06:42","-3.341","-","-1.22"
"2019/09/05","06:48","-3.428","-","-1.41"
"2019/09/05","06:54","-3.507","-","-1.56"
"2019/09/05","07:00","-3.576","-","-1.76"
"2019/09/05","07:06","-3.635","-","-1.95"
"2019/09/05","07:12","-3.685","-","-2.1"
"2019/09/05","07:18","-3.724","-","-2.21"
"2019/09/05","07:24","-3.754","-","-2.41"
"2019/09/05","07:30","-3.773","-","-2.48"
"2019/09/05","07:36","-3.782","-","-2.55"
"2019/09/05","07:42","-3.78","-","-2.62"
"2019/09/05","07:48","-3.768","-","-2.68"
"2019/09/05","07:54","-3.746","-","-2.8"
"2019/09/05","08:00","-3.713","-","-2.89"
"2019/09/05","08:06","-3.671","-","-2.93"
"2019/09/05","08:12","-3.618","-","-3.01"
"2019/09/05","08:18","-3.556","-","-3.12"
"2019/09/05","08:24","-3.484","-","-3.23"
"2019/09/05","08:30","-3.403","-","-3.3"
"2019/09/05","08:36","-3.313","-","-3.31"
"2019/09/05","08:42","-3.215","-","-3.4"
"2019/09/05","08:48","-3.108","-","-3.49"
"2019/09/05","08:54","-2.994","-","-3.48"
"2019/09/05","09:00","-2.872","-","-3.52"
"2019/09/05","09:06","-2.744","-","-3.52"
"2019/09/05","09:12","-2.608","-","-3.46"
"2019/09/05","09:18","-2.467","-","-3.4"
"2019/09/05","09:24","-2.32","-","-3.4"
"2019/09/05","09:30","-2.168","-","-3.47"
"2019/09/05","09:36","-2.012","-","-3.46"
"2019/09/05","09:42","-1.851","-","-3.35"
"2019/09/05","09:48","-1.686","-","-3.25"
"2019/09/05","09:54","-1.518","-","-3.27"
"2019/09/05","10:00","-1.347","-","-3.24"
"2019/09/05","10:06","-1.174","-","-3.16"
"2019/09/05","10:12","-0.999","-","-3.07"
"2019/09/05","10:18","-0.822","-","-2.93"
"2019/09/05","10:24","-0.644","-","-2.86"
"2019/09/05","10:30","-0.465","-","-2.79"
"2019/09/05","10:36","-0.286","-","-2.58"
"2019/09/05","10:42","-0.106","-","-2.36"
"2019/09/05","10:48","0.072","-","-2.24"
"2019/09/05","10:54","0.251","-","-2.04"
"2019/09/05","11:00","0.428","-","-1.81"
"2019/09/05","11:06","0.603","-","-1.65"
"2019/09/05","11:12","0.777","-","-1.49"
"2019/09/05","11:18","0.949","-","-1.27"
"2019/09/05","11:24","1.118","-","-1.13"
"2019/09/05","11:30","1.285","-","-1.04"
"2019/09/05","11:36","1.448","-","-0.85"
"2019/09/05","11:42","1.609","-","-0.76"
"2019/09/05","11:48","1.765","-","-0.62"
"2019/09/05","11:54","1.918","-","-0.43"
"2019/09/05","12:00","2.066","-","-0.31"
"2019/09/05","12:06","2.21","-","-0.11"
"2019/09/05","12:12","2.349","-","0.06"
"2019/09/05","12:18","2.482","-","0.28"
"2019/09/05","12:24","2.611","-","0.42"
"2019/09/05","12:30","2.733","-","0.6"
"2019/09/05","12:36","2.85","-","0.8"
"2019/09/05","12:42","2.961","-","0.93"
"2019/09/05","12:48","3.065","-","1.08"
"2019/09/05","12:54","3.163","-","1.25"
"2019/09/05","13:00","3.254","-","1.48"
"2019/09/05","13:06","3.337","-","1.67"
"2019/09/05","13:12","3.414","-","1.81"
"2019/09/05","13:18","3.483","-","1.93"
"2019/09/05","13:24","3.545","-","2.18"
"2019/09/05","13:30","3.599","-","2.3"
"2019/09/05","13:36","3.645","-","2.39"
"2019/09/05","13:42","3.683","-","2.51"
"2019/09/05","13:48","3.714","-","2.62"
"2019/09/05","13:54","3.736","-","2.66"
"2019/09/05","14:00","3.751","-","2.66"
"2019/09/05","14:06","3.757","-","2.67"
"2019/09/05","14:12","3.756","-","2.76"
"2019/09/05","14:18","3.746","-","2.75"
"2019/09/05","14:24","3.729","-","2.79"
"2019/09/05","14:30","3.703","-","2.92"
"2019/09/05","14:36","3.67","-","2.99"
"2019/09/05","14:42","3.63","-","2.99"
"2019/09/05","14:48","3.582","-","3"
"2019/09/05","14:54","3.526","-","2.98"
"2019/09/05","15:00","3.463","-","2.92"
"2019/09/05","15:06","3.393","-","2.82"
"2019/09/05","15:12","3.317","-","2.7"
"2019/09/05","15:18","3.233","-","2.61"
"2019/09/05","15:24","3.143","-","2.5"
"2019/09/05","15:30","3.047","-","2.42"
"2019/09/05","15:36","2.944","-","2.32"
"2019/09/05","15:42","2.835","-","2.24"
"2019/09/05","15:48","2.721","-","2.14"
"2019/09/05","15:54","2.601","-","2.04"
"2019/09/05","16:00","2.476","-","1.91"
"2019/09/05","16:06","2.346","-","1.84"
"2019/09/05","16:12","2.21","-","1.76"
"2019/09/05","16:18","2.071","-","1.64"
"2019/09/05","16:24","1.927","-","1.51"
"2019/09/05","16:30","1.778","-","1.42"
"2019/09/05","16:36","1.626","-","1.31"
"2019/09/05","16:42","1.471","-","1.16"
"2019/09/05","16:48","1.312","-","0.99"
"2019/09/05","16:54","1.15","-","0.82"
"2019/09/05","17:00","0.985","-","0.65"
"2019/09/05","17:06","0.818","-","0.5"
"2019/09/05","17:12","0.649","-","0.29"
"2019/09/05","17:18","0.479","-","0.1"
"2019/09/05","17:24","0.307","-","-0.1"
"2019/09/05","17:30","0.134","-","-0.3"
"2019/09/05","17:36","-0.039","-","-0.5"
"2019/09/05","17:42","-0.212","-","-0.66"
"2019/09/05","17:48","-0.385","-","-0.84"
"2019/09/05","17:54","-0.557","-","-1"
"2019/09/05","18:00","-0.728","-","-1.15"
"2019/09/05","18:06","-0.897","-","-1.3"
"2019/09/05","18:12","-1.064","-","-1.48"
"2019/09/05","18:18","-1.228","-","-1.62"
"2019/09/05","18:24","-1.389","-","-1.79"
"2019/09/05","18:30","-1.546","-","-1.95"
"2019/09/05","18:36","-1.699","-","-2.07"
"2019/09/05","18:42","-1.847","-","-2.27"
"2019/09/05","18:48","-1.989","-","-2.44"
"2019/09/05","18:54","-2.126","-","-2.56"
"2019/09/05","19:00","-2.257","-","-2.71"
"2019/09/05","19:06","-2.381","-","-2.89"
"2019/09/05","19:12","-2.498","-","-3.02"
"2019/09/05","19:18","-2.608","-","-3.15"
"2019/09/05","19:24","-2.709","-","-3.26"
"2019/09/05","19:30","-2.803","-","-3.4"
"2019/09/05","19:36","-2.887","-","-3.48"
"2019/09/05","19:42","-2.963","-","-3.56"
"2019/09/05","19:48","-3.029","-","-3.69"
"2019/09/05","19:54","-3.087","-","-3.73"
"2019/09/05","20:00","-3.134","-","-3.79"
"2019/09/05","20:06","-3.172","-","-3.92"
"2019/09/05","20:12","-3.2","-","-3.97"
"2019/09/05","20:18","-3.218","-","-3.98"
"2019/09/05","20:24","-3.226","-","-4.04"
"2019/09/05","20:30","-3.224","-","-4.09"
"2019/09/05","20:36","-3.212","-","-4.05"
"2019/09/05","20:42","-3.191","-","-4.01"
"2019/09/05","20:48","-3.159","-","-3.98"
"2019/09/05","20:54","-3.119","-","-3.92"
"2019/09/05","21:00","-3.069","-","-3.84"
"2019/09/05","21:06","-3.01","-","-3.73"
"2019/09/05","21:12","-2.943","-","-3.64"
"2019/09/05","21:18","-2.867","-","-3.58"
"2019/09/05","21:24","-2.783","-","-3.48"
"2019/09/05","21:30","-2.691","-","-3.38"
"2019/09/05","21:36","-2.591","-","-3.31"
"2019/09/05","21:42","-2.485","-","-3.23"
"2019/09/05","21:48","-2.372","-","-3.12"
"2019/09/05","21:54","-2.253","-","-2.99"
"2019/09/05","22:00","-2.128","-","-2.84"
"2019/09/05","22:06","-1.998","-","-2.72"
"2019/09/05","22:12","-1.863","-","-2.6"
"2019/09/05","22:18","-1.723","-","-2.45"
"2019/09/05","22:24","-1.579","-","-2.3"
"2019/09/05","22:30","-1.431","-","-2.17"
"2019/09/05","22:36","-1.281","-","-2.01"
"2019/09/05","22:42","-1.127","-","-1.88"
"2019/09/05","22:48","-0.971","-","-1.74"
"2019/09/05","22:54","-0.813","-","-1.58"
"2019/09/05","23:00","-0.654","-","-1.42"
"2019/09/05","23:06","-0.494","-","-1.24"
"2019/09/05","23:12","-0.332","-","-1.05"
"2019/09/05","23:18","-0.171","-","-0.88"
"2019/09/05","23:24","-0.01","-","-0.68"
"2019/09/05","23:30","0.151","-","-0.48"
"2019/09/05","23:36","0.31","-","-0.33"
"2019/09/05","23:42","0.469","-","-0.12"
"2019/09/05","23:48","0.625","-","0.06"
"2019/09/05","23:54","0.779","-","0.21"
"2019/09/06","00:00","0.931","-","0.39"
"2019/09/06","00:06","1.08","-","0.51"
"2019/09/06","00:12","1.225","-","0.63"
"2019/09/06","00:18","1.367","-","0.79"
"2019/09/06","00:24","1.505","-","0.9"
"2019/09/06","00:30","1.638","-","1"
"2019/09/06","00:36","1.766","-","1.15"
"2019/09/06","00:42","1.889","-","1.31"
"2019/09/06","00:48","2.007","-","1.42"
"2019/09/06","00:54","2.119","-","1.52"
"2019/09/06","01:00","2.224","-","1.69"
"2019/09/06","01:06","2.324","-","1.82"
"2019/09/06","01:12","2.416","-","1.92"
"2019/09/06","01:18","2.502","-","2"
"2019/09/06","01:24","2.58","-","2.09"
"2019/09/06","01:30","2.651","-","2.15"
"2019/09/06","01:36","2.714","-","2.17"
"2019/09/06","01:42","2.769","-","2.22"
"2019/09/06","01:48","2.817","-","2.27"
"2019/09/06","01:54","2.856","-","2.33"
"2019/09/06","02:00","2.887","-","2.35"
"2019/09/06","02:06","2.91","-","2.38"
"2019/09/06","02:12","2.925","-","2.4"
"2019/09/06","02:18","2.931","-","2.44"
"2019/09/06","02:24","2.929","-","2.44"
"2019/09/06","02:30","2.919","-","2.4"
"2019/09/06","02:36","2.901","-","2.42"
"2019/09/06","02:42","2.874","-","2.39"
"2019/09/06","02:48","2.84","-","2.32"
"2019/09/06","02:54","2.798","-","2.28"
"2019/09/06","03:00","2.748","-","2.27"
"2019/09/06","03:06","2.691","-","2.18"
"2019/09/06","03:12","2.627","-","2.12"
"2019/09/06","03:18","2.556","-","2.04"
"2019/09/06","03:24","2.478","-","1.94"
"2019/09/06","03:30","2.393","-","1.86"
"2019/09/06","03:36","2.303","-","1.76"
"2019/09/06","03:42","2.206","-","1.62"
"2019/09/06","03:48","2.104","-","1.49"
"2019/09/06","03:54","1.997","-","1.42"
"2019/09/06","04:00","1.884","-","1.3"
"2019/09/06","04:06","1.767","-","1.2"
"2019/09/06","04:12","1.645","-","1.08"
"2019/09/06","04:18","1.519","-","0.94"
"2019/09/06","04:24","1.389","-","0.82"
"2019/09/06","04:30","1.255","-","0.71"
"2019/09/06","04:36","1.118","-","0.62"
"2019/09/06","04:42","0.978","-","0.49"
"2019/09/06","04:48","0.836","-","0.34"
"2019/09/06","04:54","0.69","-","0.21"
"2019/09/06","05:00","0.543","-","0.07"
"2019/09/06","05:06","0.394","-","-0.09"
"2019/09/06","05:12","0.243","-","-0.21"
"2019/09/06","05:18","0.092","-","-0.33"
"2019/09/06","05:24","-0.061","-","-0.48"
"2019/09/06","05:30","-0.215","-","-0.64"
"2019/09/06","05:36","-0.369","-","-0.79"
"2019/09/06","05:42","-0.523","-","-0.96"
"2019/09/06","05:48","-0.677","-","-1.09"
"2019/09/06","05:54","-0.83","-","-1.24"
"2019/09/06","06:00","-0.982","-","-1.41"
"2019/09/06","06:06","-1.132","-","-1.55"
"2019/09/06","06:12","-1.282","-","-1.67"
"2019/09/06","06:18","-1.429","-","-1.8"
"2019/09/06","06:24","-1.573","-","-1.97"
"2019/09/06","06:30","-1.715","-","-2.13"
"2019/09/06","06:36","-1.854","-","-2.3"
"2019/09/06","06:42","-1.989","-","-2.42"
"2019/09/06","06:48","-2.12","-","-2.54"
"2019/09/06","06:54","-2.247","-","-2.67"
"2019/09/06","07:00","-2.369","-","-2.76"
"2019/09/06","07:06","-2.487","-","-2.88"
"2019/09/06","07:12","-2.598","-","-2.97"
"2019/09/06","07:18","-2.704","-","-3.05"
"2019/09/06","07:24","-2.803","-","-3.15"
"2019/09/06","07:30","-2.896","-","-3.28"
"2019/09/06","07:36","-2.982","-","-3.34"
"2019/09/06","07:42","-3.06","-","-3.39"
"2019/09/06","07:48","-3.131","-","-3.37"
"2019/09/06","07:54","-3.195","-","-3.89"
"2019/09/06","08:00","-3.25","-","-3.59"
"2019/09/06","08:06","-3.297","-","-3.58"
"2019/09/06","08:12","-3.335","-","-3.65"
"2019/09/06","08:18","-3.365","-","-3.69"
"2019/09/06","08:24","-3.386","-","-3.8"
"2019/09/06","08:30","-3.398","-","-3.82"
"2019/09/06","08:36","-3.401","-","-3.78"
"2019/09/06","08:42","-3.396","-","-3.77"
"2019/09/06","08:48","-3.381","-","-3.78"
"2019/09/06","08:54","-3.358","-","-3.77"
"2019/09/06","09:00","-3.326","-","-3.81"
"2019/09/06","09:06","-3.285","-","-3.79"
"2019/09/06","09:12","-3.236","-","-3.63"
"2019/09/06","09:18","-3.178","-","-3.6"
"2019/09/06","09:24","-3.112","-","-3.55"
"2019/09/06","09:30","-3.038","-","-3.5"
"2019/09/06","09:36","-2.956","-","-3.36"
"2019/09/06","09:42","-2.867","-","-3.3"
"2019/09/06","09:48","-2.771","-","-3.17"
"2019/09/06","09:54","-2.668","-","-3.13"
"2019/09/06","10:00","-2.559","-","-2.94"
"2019/09/06","10:06","-2.443","-","-2.85"
"2019/09/06","10:12","-2.322","-","-2.72"
"2019/09/06","10:18","-2.195","-","-2.6"
"2019/09/06","10:24","-2.062","-","-2.43"
"2019/09/06","10:30","-1.925","-","-2.25"
"2019/09/06","10:36","-1.784","-","-2.1"
"2019/09/06","10:42","-1.639","-","-1.97"
"2019/09/06","10:48","-1.489","-","-1.87"
"2019/09/06","10:54","-1.337","-","-1.73"
"2019/09/06","11:00","-1.181","-","-1.6"
"2019/09/06","11:06","-1.023","-","-1.45"
"2019/09/06","11:12","-0.863","-","-1.3"
"2019/09/06","11:18","-0.7","-","-1.14"
"2019/09/06","11:24","-0.537","-","-0.98"
"2019/09/06","11:30","-0.372","-","-0.81"
"2019/09/06","11:36","-0.206","-","-0.63"
"2019/09/06","11:42","-0.039","-","-0.44"
"2019/09/06","11:48","0.127","-","-0.25"
"2019/09/06","11:54","0.294","-","-0.07"
"2019/09/06","12:00","0.46","-","0.11"
"2019/09/06","12:06","0.625","-","0.31"
"2019/09/06","12:12","0.789","-","0.5"
"2019/09/06","12:18","0.951","-","0.68"
"2019/09/06","12:24","1.111","-","0.84"
"2019/09/06","12:30","1.269","-","1"
"2019/09/06","12:36","1.425","-","1.16"
"2019/09/06","12:42","1.577","-","1.31"
"2019/09/06","12:48","1.726","-","1.46"
"2019/09/06","12:54","1.872","-","1.6"
"2019/09/06","13:00","2.013","-","1.74"
"2019/09/06","13:06","2.151","-","1.88"
"2019/09/06","13:12","2.283","-","2"
"2019/09/06","13:18","2.411","-","2.15"
"2019/09/06","13:24","2.533","-","2.27"
"2019/09/06","13:30","2.65","-","2.4"
"2019/09/06","13:36","2.761","-","2.5"
"2019/09/06","13:42","2.866","-","2.62"
"2019/09/06","13:48","2.964","-","2.7"
"2019/09/06","13:54","3.056","-","2.77"
"2019/09/06","14:00","3.141","-","2.86"
"2019/09/06","14:06","3.219","-","2.91"
"2019/09/06","14:12","3.29","-","2.97"
"2019/09/06","14:18","3.353","-","3.02"
"2019/09/06","14:24","3.409","-","3.08"
"2019/09/06","14:30","3.457","-","3.11"
"2019/09/06","14:36","3.497","-","3.26"
"2019/09/06","14:42","3.53","-","2.97"
"2019/09/06","14:48","3.555","-","3.22"
"2019/09/06","14:54","3.572","-","3.22"
"2019/09/06","15:00","3.581","-","3.23"
"2019/09/06","15:06","3.583","-","3.12"
"2019/09/06","15:12","3.577","-","3.16"
"2019/09/06","15:18","3.563","-","3.22"
"2019/09/06","15:24","3.541","-","3.18"
"2019/09/06","15:30","3.513","-","2.8"
"2019/09/06","15:36","3.477","-","3.11"
"2019/09/06","15:42","3.434","-","3.1"
"2019/09/06","15:48","3.384","-","3"
"2019/09/06","15:54","3.327","-","2.96"
"2019/09/06","16:00","3.264","-","2.96"
"2019/09/06","16:06","3.194","-","2.89"
"2019/09/06","16:12","3.118","-","2.79"
"2019/09/06","16:18","3.036","-","2.8"
"2019/09/06","16:24","2.948","-","2.55"
"2019/09/06","16:30","2.855","-","2.52"
"2019/09/06","16:36","2.757","-","2.34"
"2019/09/06","16:42","2.653","-","2.28"
"2019/09/06","16:48","2.544","-","2.21"
"2019/09/06","16:54","2.431","-","2.06"
"2019/09/06","17:00","2.313","-","1.97"
"2019/09/06","17:06","2.191","-","1.9"
"2019/09/06","17:12","2.064","-","1.72"
"2019/09/06","17:18","1.934","-","1.6"
"2019/09/06","17:24","1.801","-","1.48"
"2019/09/06","17:30","1.663","-","1.29"
"2019/09/06","17:36","1.523","-","1.14"
"2019/09/06","17:42","1.38","-","1"
"2019/09/06","17:48","1.234","-","0.82"
"2019/09/06","17:54","1.085","-","0.66"
"2019/09/06","18:00","0.934","-","0.53"
"2019/09/06","18:06","0.782","-","0.38"
"2019/09/06","18:12","0.627","-","0.24"
"2019/09/06","18:18","0.472","-","0.07"
"2019/09/06","18:24","0.315","-","-0.11"
"2019/09/06","18:30","0.157","-","-0.28"
"2019/09/06","18:36","0","-","-0.43"
"2019/09/06","18:42","-0.158","-","-0.57"
"2019/09/06","18:48","-0.316","-","-0.75"
"2019/09/06","18:54","-0.473","-","-0.89"
"2019/09/06","19:00","-0.628","-","-1.06"
"2019/09/06","19:06","-0.782","-","-1.22"
"2019/09/06","19:12","-0.935","-","-1.39"
"2019/09/06","19:18","-1.084","-","-1.56"
"2019/09/06","19:24","-1.231","-","-1.71"
"2019/09/06","19:30","-1.375","-","-1.86"
"2019/09/06","19:36","-1.515","-","-1.98"
"2019/09/06","19:42","-1.65","-","-2.12"
"2019/09/06","19:48","-1.782","-","-2.25"
"2019/09/06","19:54","-1.908","-","-2.35"
"2019/09/06","20:00","-2.028","-","-2.46"
"2019/09/06","20:06","-2.143","-","-2.58"
"2019/09/06","20:12","-2.252","-","-2.67"
"2019/09/06","20:18","-2.354","-","-2.77"
"2019/09/06","20:24","-2.448","-","-2.86"
"2019/09/06","20:30","-2.536","-","-2.88"
"2019/09/06","20:36","-2.616","-","-2.77"
"2019/09/06","20:42","-2.688","-","-3.31"
"2019/09/06","20:48","-2.752","-","-3.02"
"2019/09/06","20:54","-2.807","-","-3.05"
"2019/09/06","21:00","-2.854","-","-3.19"
"2019/09/06","21:06","-2.892","-","-3.2"
"2019/09/06","21:12","-2.921","-","-3.17"
"2019/09/06","21:18","-2.942","-","-3.21"
"2019/09/06","21:24","-2.953","-","-3.17"
"2019/09/06","21:30","-2.955","-","-3.13"
"2019/09/06","21:36","-2.949","-","-3.19"
"2019/09/06","21:42","-2.934","-","-3.14"
"2019/09/06","21:48","-2.909","-","-3.12"
"2019/09/06","21:54","-2.877","-","-3"
"2019/09/06","22:00","-2.835","-","-3.04"
"2019/09/06","22:06","-2.786","-","-2.94"
"2019/09/06","22:12","-2.728","-","-2.91"
"2019/09/06","22:18","-2.662","-","-2.79"
"2019/09/06","22:24","-2.589","-","-2.79"
"2019/09/06","22:30","-2.508","-","-2.73"
"2019/09/06","22:36","-2.42","-","-2.61"
"2019/09/06","22:42","-2.326","-","-2.48"
"2019/09/06","22:48","-2.225","-","-2.6"
"2019/09/06","22:54","-2.118","-","-2.33"
"2019/09/06","23:00","-2.005","-","-2.26"
"2019/09/06","23:06","-1.886","-","-2.11"
"2019/09/06","23:12","-1.763","-","-2"
"2019/09/06","23:18","-1.635","-","-1.83"
"2019/09/06","23:24","-1.503","-","-1.74"
"2019/09/06","23:30","-1.367","-","-1.59"
"2019/09/06","23:36","-1.227","-","-1.52"
"2019/09/06","23:42","-1.085","-","-1.41"
"2019/09/06","23:48","-0.939","-","-1.23"
"2019/09/06","23:54","-0.792","-","-1.07"
"2019/09/07","00:00","-0.642","-","-0.95"
"2019/09/07","00:06","-0.491","-","-0.8"
"2019/09/07","00:12","-0.339","-","-0.66"
"2019/09/07","00:18","-0.187","-","-0.51"
"2019/09/07","00:24","-0.034","-","-0.39"
"2019/09/07","00:30","0.119","-","-0.25"
"2019/09/07","00:36","0.27","-","-0.11"
"2019/09/07","00:42","0.421","-","0"
"2019/09/07","00:48","0.57","-","0.16"
"2019/09/07","00:54","0.717","-","0.25"
"2019/09/07","01:00","0.862","-","0.4"
"2019/09/07","01:06","1.004","-","0.52"
"2019/09/07","01:12","1.142","-","0.66"
"2019/09/07","01:18","1.277","-","0.79"
"2019/09/07","01:24","1.408","-","0.9"
"2019/09/07","01:30","1.535","-","1.03"
"2019/09/07","01:36","1.656","-","1.15"
"2019/09/07","01:42","1.773","-","1.25"
"2019/09/07","01:48","1.883","-","1.36"
"2019/09/07","01:54","1.988","-","1.48"
"2019/09/07","02:00","2.087","-","1.57"
"2019/09/07","02:06","2.178","-","1.81"
"2019/09/07","02:12","2.264","-","1.45"
"2019/09/07","02:18","2.341","-","1.88"
"2019/09/07","02:24","2.412","-","1.93"
"2019/09/07","02:30","2.475","-","1.98"
"2019/09/07","02:36","2.53","-","2.06"
"2019/09/07","02:42","2.578","-","2.32"
"2019/09/07","02:48","2.618","-","2.23"
"2019/09/07","02:54","2.649","-","2.13"
"2019/09/07","03:00","2.673","-","2.35"
"2019/09/07","03:06","2.688","-","2.27"
"2019/09/07","03:12","2.695","-","2.26"
"2019/09/07","03:18","2.695","-","2.33"
"2019/09/07","03:24","2.686","-","2.32"
"2019/09/07","03:30","2.67","-","2.35"
"2019/09/07","03:36","2.646","-","2.32"
"2019/09/07","03:42","2.614","-","2.35"
"2019/09/07","03:48","2.575","-","2.26"
"2019/09/07","03:54","2.529","-","2.25"
"2019/09/07","04:00","2.476","-","2.18"
"2019/09/07","04:06","2.417","-","2.1"
"2019/09/07","04:12","2.351","-","2.08"
"2019/09/07","04:18","2.279","-","2.03"
"2019/09/07","04:24","2.201","-","1.97"
"2019/09/07","04:30","2.117","-","1.91"
"2019/09/07","04:36","2.029","-","1.91"
"2019/09/07","04:42","1.935","-","1.79"
"2019/09/07","04:48","1.837","-","1.72"
"2019/09/07","04:54","1.734","-","1.68"
"2019/09/07","05:00","1.627","-","1.55"
"2019/09/07","05:06","1.516","-","1.41"
"2019/09/07","05:12","1.402","-","1.31"
"2019/09/07","05:18","1.285","-","1.18"
"2019/09/07","05:24","1.165","-","1.05"
"2019/09/07","05:30","1.041","-","0.9"
"2019/09/07","05:36","0.916","-","0.78"
"2019/09/07","05:42","0.788","-","0.65"
"2019/09/07","05:48","0.658","-","0.53"
"2019/09/07","05:54","0.526","-","0.4"
"2019/09/07","06:00","0.393","-","0.25"
"2019/09/07","06:06","0.259","-","0.12"
"2019/09/07","06:12","0.123","-","-0.01"
"2019/09/07","06:18","-0.013","-","-0.16"
"2019/09/07","06:24","-0.15","-","-0.29"
"2019/09/07","06:30","-0.287","-","-0.44"
"2019/09/07","06:36","-0.425","-","-0.58"
"2019/09/07","06:42","-0.562","-","-0.74"
"2019/09/07","06:48","-0.699","-","-0.9"
"2019/09/07","06:54","-0.835","-","-1.04"
"2019/09/07","07:00","-0.971","-","-1.18"
"2019/09/07","07:06","-1.105","-","-1.32"
"2019/09/07","07:12","-1.238","-","-1.45"
"2019/09/07","07:18","-1.369","-","-1.56"
"2019/09/07","07:24","-1.498","-","-1.69"
"2019/09/07","07:30","-1.624","-","-1.84"
"2019/09/07","07:36","-1.748","-","-1.96"
"2019/09/07","07:42","-1.868","-","-2.09"
"2019/09/07","07:48","-1.986","-","-2.23"
"2019/09/07","07:54","-2.099","-","-2.36"
"2019/09/07","08:00","-2.208","-","-2.46"
"2019/09/07","08:06","-2.313","-","-2.57"
"2019/09/07","08:12","-2.413","-","-2.67"
"2019/09/07","08:18","-2.508","-","-2.75"
"2019/09/07","08:24","-2.598","-","-2.85"
"2019/09/07","08:30","-2.681","-","-2.93"
"2019/09/07","08:36","-2.759","-","-3.01"
"2019/09/07","08:42","-2.83","-","-3.06"
"2019/09/07","08:48","-2.895","-","-3.14"
"2019/09/07","08:54","-2.952","-","-3.17"
"2019/09/07","09:00","-3.003","-","-3.18"
"2019/09/07","09:06","-3.046","-","-3.21"
"2019/09/07","09:12","-3.081","-","-3.22"
"2019/09/07","09:18","-3.109","-","-3.23"
"2019/09/07","09:24","-3.129","-","-3.24"
"2019/09/07","09:30","-3.141","-","-3.24"
"2019/09/07","09:36","-3.145","-","-3.24"
"2019/09/07","09:42","-3.141","-","-3.24"
"2019/09/07","09:48","-3.129","-","-3.21"
"2019/09/07","09:54","-3.108","-","-3.17"
"2019/09/07","10:00","-3.08","-","-3.12"
"2019/09/07","10:06","-3.043","-","-3.08"
"2019/09/07","10:12","-2.999","-","-3.02"
"2019/09/07","10:18","-2.947","-","-2.93"
"2019/09/07","10:24","-2.887","-","-2.94"
"2019/09/07","10:30","-2.82","-","-2.87"
"2019/09/07","10:36","-2.745","-","-2.65"
"2019/09/07","10:42","-2.663","-","-2.9"
"2019/09/07","10:48","-2.575","-","-2.58"
"2019/09/07","10:54","-2.48","-","-2.48"
"2019/09/07","11:00","-2.378","-","-2.4"
"2019/09/07","11:06","-2.271","-","-2.18"
"2019/09/07","11:12","-2.158","-","-2.1"
"2019/09/07","11:18","-2.039","-","-1.96"
"2019/09/07","11:24","-1.915","-","-1.86"
"2019/09/07","11:30","-1.786","-","-1.72"
"2019/09/07","11:36","-1.653","-","-1.58"
"2019/09/07","11:42","-1.515","-","-1.45"
"2019/09/07","11:48","-1.373","-","-1.3"
"2019/09/07","11:54","-1.228","-","-1.17"
"2019/09/07","12:00","-1.08","-","-1.01"
"2019/09/07","12:06","-0.928","-","-0.85"
"2019/09/07","12:12","-0.775","-","-0.71"
"2019/09/07","12:18","-0.619","-","-0.55"
"2019/09/07","12:24","-0.461","-","-0.37"
"2019/09/07","12:30","-0.301","-","-0.19"
"2019/09/07","12:36","-0.141","-","-0.02"
"2019/09/07","12:42","0.021","-","0.14"
"2019/09/07","12:48","0.182","-","0.31"
"2019/09/07","12:54","0.344","-","0.55"
"2019/09/07","13:00","0.506","-","0.66"
"2019/09/07","13:06","0.666","-","0.64"
"2019/09/07","13:12","0.826","-","0.96"
"2019/09/07","13:18","0.984","-","1.14"
"2019/09/07","13:24","1.14","-","1.26"
"2019/09/07","13:30","1.294","-","1.5"
"2019/09/07","13:36","1.445","-","1.6"
"2019/09/07","13:42","1.593","-","1.67"
"2019/09/07","13:48","1.738","-","1.92"
"2019/09/07","13:54","1.879","-","1.96"
"2019/09/07","14:00","2.016","-","2.09"
"2019/09/07","14:06","2.148","-","2.24"
"2019/09/07","14:12","2.275","-","2.34"
"2019/09/07","14:18","2.398","-","2.51"
"2019/09/07","14:24","2.515","-","2.63"
"2019/09/07","14:30","2.625","-","2.64"
"2019/09/07","14:36","2.73","-","2.81"
"2019/09/07","14:42","2.829","-","2.92"
"2019/09/07","14:48","2.921","-","2.96"
"2019/09/07","14:54","3.006","-","2.99"
"2019/09/07","15:00","3.084","-","3.12"
"2019/09/07","15:06","3.155","-","3.16"
"2019/09/07","15:12","3.218","-","3.24"
"2019/09/07","15:18","3.274","-","3.28"
"2019/09/07","15:24","3.323","-","3.32"
"2019/09/07","15:30","3.364","-","3.36"
"2019/09/07","15:36","3.398","-","3.43"
"2019/09/07","15:42","3.424","-","3.37"
"2019/09/07","15:48","3.442","-","3.42"
"2019/09/07","15:54","3.453","-","3.48"
"2019/09/07","16:00","3.456","-","3.41"
"2019/09/07","16:06","3.452","-","3.41"
"2019/09/07","16:12","3.441","-","3.43"
"2019/09/07","16:18","3.422","-","3.4"
"2019/09/07","16:24","3.397","-","3.38"
"2019/09/07","16:30","3.365","-","3.35"
"2019/09/07","16:36","3.326","-","3.31"
"2019/09/07","16:42","3.281","-","3.28"
"2019/09/07","16:48","3.229","-","3.22"
"2019/09/07","16:54","3.172","-","3.2"
"2019/09/07","17:00","3.108","-","3.15"
"2019/09/07","17:06","3.039","-","3.1"
"2019/09/07","17:12","2.964","-","3.07"
"2019/09/07","17:18","2.885","-","2.98"
"2019/09/07","17:24","2.8","-","2.9"
"2019/09/07","17:30","2.71","-","2.85"
"2019/09/07","17:36","2.615","-","2.74"
"2019/09/07","17:42","2.516","-","2.77"
"2019/09/07","17:48","2.413","-","2.44"
"2019/09/07","17:54","2.305","-","2.51"
"2019/09/07","18:00","2.194","-","2.39"
"2019/09/07","18:06","2.079","-","2.17"
"2019/09/07","18:12","1.96","-","2.09"
"2019/09/07","18:18","1.837","-","2.02"
"2019/09/07","18:24","1.711","-","1.84"
"2019/09/07","18:30","1.582","-","1.75"
"2019/09/07","18:36","1.45","-","1.63"
"2019/09/07","18:42","1.316","-","1.46"
"2019/09/07","18:48","1.178","-","1.34"
"2019/09/07","18:54","1.039","-","1.22"
"2019/09/07","19:00","0.897","-","1.03"
"2019/09/07","19:06","0.753","-","0.92"
"2019/09/07","19:12","0.607","-","0.81"
"2019/09/07","19:18","0.46","-","0.64"
"2019/09/07","19:24","0.312","-","0.52"
"2019/09/07","19:30","0.163","-","0.34"
"2019/09/07","19:36","0.013","-","0.25"
"2019/09/07","19:42","-0.137","-","0.1"
"2019/09/07","19:48","-0.287","-","-0.08"
"2019/09/07","19:54","-0.437","-","-0.22"
"2019/09/07","20:00","-0.585","-","-0.36"
"2019/09/07","20:06","-0.733","-","-0.5"
"2019/09/07","20:12","-0.879","-","-0.63"
"2019/09/07","20:18","-1.023","-","-0.77"
"2019/09/07","20:24","-1.164","-","-0.87"
"2019/09/07","20:30","-1.303","-","-1"
"2019/09/07","20:36","-1.438","-","-1.12"
"2019/09/07","20:42","-1.569","-","-1.25"
"2019/09/07","20:48","-1.696","-","-1.37"
"2019/09/07","20:54","-1.819","-","-1.48"
"2019/09/07","21:00","-1.937","-","-1.58"
"2019/09/07","21:06","-2.049","-","-1.71"
"2019/09/07","21:12","-2.155","-","-1.8"
"2019/09/07","21:18","-2.255","-","-1.88"
"2019/09/07","21:24","-2.348","-","-1.95"
"2019/09/07","21:30","-2.434","-","-2.05"
"2019/09/07","21:36","-2.514","-","-2.1"
"2019/09/07","21:42","-2.585","-","-2.17"
"2019/09/07","21:48","-2.649","-","-2.21"
"2019/09/07","21:54","-2.704","-","-2.35"
"2019/09/07","22:00","-2.752","-","-2.3"
"2019/09/07","22:06","-2.79","-","-2.57"
"2019/09/07","22:12","-2.821","-","-2.44"
"2019/09/07","22:18","-2.842","-","-2.45"
"2019/09/07","22:24","-2.855","-","-2.48"
"2019/09/07","22:30","-2.859","-","-2.54"
"2019/09/07","22:36","-2.855","-","-2.5"
"2019/09/07","22:42","-2.841","-","-2.52"
"2019/09/07","22:48","-2.819","-","-2.44"
"2019/09/07","22:54","-2.789","-","-2.4"
"2019/09/07","23:00","-2.75","-","-2.36"
"2019/09/07","23:06","-2.702","-","-2.32"
"2019/09/07","23:12","-2.647","-","-2.26"
"2019/09/07","23:18","-2.583","-","-2.25"
"2019/09/07","23:24","-2.512","-","-2.15"
"2019/09/07","23:30","-2.434","-","-2.11"
"2019/09/07","23:36","-2.348","-","-2.01"
"2019/09/07","23:42","-2.256","-","-1.94"
"2019/09/07","23:48","-2.157","-","-1.84"
"2019/09/07","23:54","-2.052","-","-1.92"